gpos_id,srg_id,nixos,ubuntu,rhel,status
V-203603,SRG-OS-000033-GPOS-00014,V-268089,UBTU-24-100820|UBTU-24-100840,RHEL-09-671010|RHEL-09-255065,partial
V-203629,SRG-OS-000073-GPOS-00041,V-268130,UBTU-24-400220,RHEL-09-611140|RHEL-09-671015,implemented
V-203630,SRG-OS-000074-GPOS-00042,V-268131,UBTU-24-100030,RHEL-09-215015,partial
V-203653,SRG-OS-000125-GPOS-00065,V-268176,UBTU-24-500050,RHEL-09-255050,gap
V-203669,SRG-OS-000250-GPOS-00093,V-268089,UBTU-24-100830,RHEL-09-255075,partial
V-203682,SRG-OS-000278-GPOS-00108,none,UBTU-24-909890,none,gap
V-203695,SRG-OS-000324-GPOS-00125,none,none,RHEL-09-432010,gap
V-203720,SRG-OS-000366-GPOS-00153,V-268154,UBTU-24-300001,RHEL-09-214010|RHEL-09-214025,partial
V-203736,SRG-OS-000393-GPOS-00173,V-268157,none,none,partial
V-203737,SRG-OS-000394-GPOS-00174,V-268089,none,none,partial
V-203739,SRG-OS-000396-GPOS-00176,V-268168,none,RHEL-09-215105,gap
V-203745,SRG-OS-000404-GPOS-00183,V-268144,UBTU-20-010444,none,implemented
V-203746,SRG-OS-000405-GPOS-00184,V-268144,UBTU-20-010445,RHEL-09-231190,implemented
V-203748,SRG-OS-000423-GPOS-00187,V-268159,UBTU-24-100800|UBTU-24-100810,RHEL-09-255010|RHEL-09-255015,partial
V-203749,SRG-OS-000424-GPOS-00188,V-268159,none,none,partial
V-203776,SRG-OS-000478-GPOS-00223,V-268168,UBTU-24-600030,RHEL-09-671010|RHEL-09-215105,gap
V-203782,SRG-OS-000480-GPOS-00229,V-268172,UBTU-24-300031,RHEL-09-271040,gap
V-252688,SRG-OS-000481-GPOS-00481,V-268146,UBTU-24-600230,none,gap
V-259333,SRG-OS-000439-GPOS-00195,none,UBTU-24-700400,none,partial
V-278977,SRG-OS-000830-GPOS-00300,none,UBTU-24-700400,RHEL-09-211010,partial
